{
  "accuracy": 0.9895506792058516,
  "auc": 0.9971342706879897,
  "precision": 0.9504504504504504,
  "recall": 0.9590909090909091,
  "f1": 0.9547511312217195,
  "threshold": 0.5
}